{"accuracy": [0.7411378622055054, 0.8054704666137695, 0.8177242875099182, 0.8253829479217529, 0.8319475054740906, 0.8415755033493042, 0.8363238573074341, 0.8420131206512451, 0.835229754447937, 0.838293194770813], "loss": [0.7402547001838684, 0.5323525071144104, 0.49340713024139404, 0.46120119094848633, 0.4498899579048157, 0.43042004108428955, 0.43067261576652527, 0.4364220201969147, 0.42166826128959656, 0.41821572184562683], "val_accuracy": [0.8353765606880188, 0.8257443308830261, 0.8257443308830261, 0.8476357460021973, 0.8528896570205688, 0.8476357460021973, 0.8441330790519714, 0.8458844423294067, 0.8476357460021973, 0.8485113978385925], "val_loss": [0.4228646457195282, 0.45137345790863037, 0.43973204493522644, 0.39065852761268616, 0.38043972849845886, 0.3867339789867401, 0.38990360498428345, 0.38315334916114807, 0.3790883719921112, 0.37860968708992004], "learning_rate": [0.0010000000474974513, 0.0010000000474974513, 0.0010000000474974513, 0.00010000000474974513, 0.00010000000474974513, 0.00010000000474974513, 0.00010000000474974513, 1.0000000656873453e-05, 1.0000000656873453e-05, 1.0000000656873453e-05]}