{"accuracy": [0.6431072354316711, 0.7308533787727356, 0.7542669773101807, 0.7711159586906433, 0.7673960328102112, 0.7719912528991699, 0.7768052220344543], "loss": [0.954195499420166, 0.7385282516479492, 0.6622385382652283, 0.6245824098587036, 0.611031174659729, 0.5980768203735352, 0.5889313220977783], "val_accuracy": [0.7171628475189209, 0.760945737361908, 0.8169877529144287, 0.7863397598266602, 0.7819615006446838, 0.8047285676002502, 0.8003502488136292], "val_loss": [0.8548009395599365, 0.7140098810195923, 0.5183823108673096, 0.5868350863456726, 0.5868738293647766, 0.5194669961929321, 0.5234389305114746], "learning_rate": [0.0010000000474974513, 0.0010000000474974513, 0.0010000000474974513, 0.0010000000474974513, 0.0010000000474974513, 0.00010000000474974513, 0.00010000000474974513]}