{"accuracy": [0.7540481686592102, 0.859080970287323, 0.8691465854644775, 0.8899343609809875, 0.8905907869338989, 0.893216609954834, 0.9035010933876038, 0.9161925315856934, 0.9107220768928528, 0.9113785624504089], "loss": [0.6424532532691956, 0.3940957486629486, 0.3504751920700073, 0.3183479607105255, 0.30308398604393005, 0.29055365920066833, 0.2730101943016052, 0.2543955445289612, 0.2508549690246582, 0.24670055508613586], "val_accuracy": [0.9851138591766357, 0.957092821598053, 0.9781085848808289, 0.9903677701950073, 0.9868651628494263, 0.9824868440628052, 0.9763572812080383, 0.9877408146858215, 0.9894921183586121, 0.9886164665222168], "val_loss": [0.15607711672782898, 0.20172518491744995, 0.13821963965892792, 0.07627791166305542, 0.0726017951965332, 0.08303073793649673, 0.10785001516342163, 0.07040102034807205, 0.06577228009700775, 0.06777381896972656], "learning_rate": [0.0010000000474974513, 0.0010000000474974513, 0.0010000000474974513, 0.0010000000474974513, 0.0010000000474974513, 0.0010000000474974513, 0.0010000000474974513, 0.00010000000474974513, 0.00010000000474974513, 0.00010000000474974513]}