{"accuracy": [0.4625820517539978, 0.7700218558311462, 0.8557986617088318, 0.8980306386947632, 0.912472665309906, 0.9350109696388245, 0.9315098524093628, 0.9536104798316956, 0.9584245085716248, 0.9617067575454712], "loss": [1.3901393413543701, 0.5962294936180115, 0.42335712909698486, 0.29705381393432617, 0.2649703323841095, 0.1865367591381073, 0.1894378662109375, 0.14798603951931, 0.12401947379112244, 0.1166457012295723], "val_accuracy": [0.6654991507530212, 0.8134850859642029, 0.8686515092849731, 0.8660244941711426, 0.928196132183075, 0.8625218868255615, 0.8870402574539185, 0.9422066807746887, 0.9404553174972534, 0.9544658660888672], "val_loss": [0.7380513548851013, 0.4839906692504883, 0.4594140350818634, 0.48039209842681885, 0.249855637550354, 0.5926070809364319, 0.3928441107273102, 0.2104276865720749, 0.20545519888401031, 0.15137551724910736], "learning_rate": [0.0010000000474974513, 0.0010000000474974513, 0.0010000000474974513, 0.0010000000474974513, 0.0010000000474974513, 0.0010000000474974513, 0.0010000000474974513, 0.00010000000474974513, 0.00010000000474974513, 0.00010000000474974513]}