{"accuracy": [0.6063457131385803, 0.7831509709358215, 0.8179430961608887, 0.8345733284950256, 0.8529540300369263, 0.8483588695526123, 0.853391706943512, 0.85492342710495], "loss": [1.306115746498108, 0.6418988108634949, 0.5367938876152039, 0.4606817066669464, 0.41852715611457825, 0.40759024024009705, 0.42130032181739807, 0.3918520212173462], "val_accuracy": [0.8485113978385925, 0.9702276587486267, 0.960595428943634, 0.9632224440574646, 0.9842382073402405, 0.9816111922264099, 0.9789842367172241, 0.9781085848808289], "val_loss": [0.39848068356513977, 0.09026912599802017, 0.12086478620767593, 0.10842909663915634, 0.06665831804275513, 0.07375790923833847, 0.07433965802192688, 0.0772126093506813], "learning_rate": [0.0010000000474974513, 0.0010000000474974513, 0.0010000000474974513, 0.0010000000474974513, 0.00010000000474974513, 0.00010000000474974513, 0.00010000000474974513, 1.0000000656873453e-05]}