{"accuracy": [0.7929978370666504, 0.8597373962402344, 0.8794310688972473, 0.890153169631958, 0.8921225666999817, 0.9087527394294739, 0.9041575789451599, 0.9107220768928528, 0.9131290912628174, 0.9273523092269897], "loss": [0.5891072154045105, 0.39141106605529785, 0.33258870244026184, 0.30239370465278625, 0.29228174686431885, 0.2565932869911194, 0.24949133396148682, 0.23618802428245544, 0.21815595030784607, 0.20327089726924896], "val_accuracy": [0.7942206859588623, 0.8003502488136292, 0.8782837390899658, 0.8809106945991516, 0.8800350427627563, 0.8861646056175232, 0.8879159092903137, 0.8782837390899658, 0.8940455317497253, 0.9019264578819275], "val_loss": [0.6840276122093201, 0.5990282297134399, 0.37271982431411743, 0.3725399672985077, 0.3345114588737488, 0.333491712808609, 0.35212573409080505, 0.37542402744293213, 0.317693293094635, 0.2868139445781708], "learning_rate": [0.0010000000474974513, 0.0010000000474974513, 0.0010000000474974513, 0.0010000000474974513, 0.0010000000474974513, 0.0010000000474974513, 0.0010000000474974513, 0.0010000000474974513, 0.00010000000474974513, 0.00010000000474974513]}