{"accuracy": [0.7785558104515076, 0.8536105155944824, 0.8665207624435425, 0.8759299516677856, 0.8873085379600525, 0.8868709206581116, 0.9002188444137573, 0.9087527394294739], "loss": [0.6605132222175598, 0.414605975151062, 0.3555678725242615, 0.33602434396743774, 0.306731253862381, 0.2937049865722656, 0.2743052840232849, 0.249602273106575], "val_accuracy": [0.8791593909263611, 0.8992995023727417, 0.860770583152771, 0.9168125987052917, 0.8563923239707947, 0.9098073840141296, 0.9106830358505249, 0.903677761554718], "val_loss": [0.39880430698394775, 0.34957680106163025, 0.4287180006504059, 0.2590705454349518, 0.3654099106788635, 0.277546226978302, 0.26762163639068604, 0.27261465787887573], "learning_rate": [0.0010000000474974513, 0.0010000000474974513, 0.0010000000474974513, 0.0010000000474974513, 0.0010000000474974513, 0.0010000000474974513, 0.00010000000474974513, 0.00010000000474974513]}