{"accuracy": [0.7387308478355408, 0.8089715242385864, 0.8212254047393799, 0.8284463882446289, 0.838293194770813, 0.8466083407402039, 0.8536105155944824, 0.8512035012245178, 0.8514223098754883, 0.8579868674278259], "loss": [0.755496084690094, 0.5246973633766174, 0.48849302530288696, 0.44734761118888855, 0.4378146231174469, 0.411800742149353, 0.38166752457618713, 0.40001335740089417, 0.38962870836257935, 0.3673611581325531], "val_accuracy": [0.8108581304550171, 0.8458844423294067, 0.8633975386619568, 0.8712784647941589, 0.8633975386619568, 0.8572679758071899, 0.8712784647941589, 0.8774080276489258, 0.8704028129577637, 0.8712784647941589], "val_loss": [0.5039947628974915, 0.38546812534332275, 0.36658382415771484, 0.35529276728630066, 0.36436527967453003, 0.36572226881980896, 0.3288395404815674, 0.323600172996521, 0.3289935290813446, 0.32892194390296936], "learning_rate": [0.0010000000474974513, 0.0010000000474974513, 0.0010000000474974513, 0.0010000000474974513, 0.0010000000474974513, 0.0010000000474974513, 0.00010000000474974513, 0.00010000000474974513, 0.00010000000474974513, 0.00010000000474974513]}