{"accuracy": [0.7693654298782349, 0.859080970287323, 0.8835886120796204, 0.8919036984443665], "loss": [0.6108161211013794, 0.37988749146461487, 0.32447344064712524, 0.2928650975227356], "val_accuracy": [0.9956217408180237, 0.9824868440628052, 0.985989511013031, 0.9894921183586121], "val_loss": [0.059842485934495926, 0.11024685949087143, 0.09345661103725433, 0.08302195370197296], "learning_rate": [0.0010000000474974513, 0.0010000000474974513, 0.0010000000474974513, 0.00010000000474974513]}